proxy,type,working,latency,country,region,city,continent,lat,lon
18.203.249.67:10010,socks4,true,157.00,IE,Leinster,Dublin,Europe,53.338200,-6.259100
57.129.81.201:1080,socks4,true,179.00,DE,Hesse,Frankfurt am Main,Europe,50.116200,8.669300
104.248.203.234:1080,socks4,true,169.00,NL,North Holland,Amsterdam,Europe,52.352000,4.939200
104.248.197.67:1080,socks4,true,208.00,NL,North Holland,Amsterdam,Europe,52.352000,4.939200
192.241.156.17:1080,socks4,true,236.00,US,New Jersey,North Bergen,North America,40.796400,-74.020300
3.133.142.76:52195,socks4,true,243.00,US,,,North America,37.751000,-97.822000
95.178.108.189:5678,socks4,true,251.00,FR,Hauts-de-France,Nogent-sur-Oise,Europe,49.270300,2.466300
212.50.19.150:4153,socks4,true,253.00,BG,Sofia-Capital,Sofia,Europe,42.682600,23.322300
50.238.47.86:32100,socks4,true,265.00,US,Georgia,Pendergrass,North America,34.162300,-83.677900
143.110.217.153:1080,socks4,true,268.00,CA,Ontario,Toronto,North America,43.709000,-79.405700
94.247.241.70:51006,socks4,true,216.00,RU,St.-Petersburg,St Petersburg,Europe,59.941700,30.309600
83.234.76.155:4145,socks4,true,268.00,RU,,,Europe,55.738600,37.606800
142.93.251.218:1080,socks4,true,274.00,US,New Jersey,North Bergen,North America,40.796400,-74.020300
74.56.228.180:4145,socks4,true,283.00,CA,Quebec,Sainte-Julie,North America,45.583900,-73.331200
94.232.11.178:58028,socks4,true,279.00,RU,,,Europe,55.738600,37.606800
109.72.100.109:48293,socks4,true,297.00,ME,Budva,Budva,Europe,42.281700,18.845000
146.70.164.210:1080,socks4,true,276.00,RO,București,Bucharest,Europe,44.420500,26.169000
54.193.116.236:8999,socks4,true,314.00,US,California,San Jose,North America,37.338800,-121.891600
74.119.147.209:4145,socks4,true,358.00,US,,,North America,37.751000,-97.822000
192.111.139.165:4145,socks4,true,367.00,US,,,North America,37.751000,-97.822000
199.229.254.129:4145,socks4,true,371.00,US,,,North America,37.751000,-97.822000
74.119.144.60:4145,socks4,true,359.00,US,,,North America,37.751000,-97.822000
192.111.139.163:19404,socks4,true,371.00,US,,,North America,37.751000,-97.822000
192.111.139.162:4145,socks4,true,371.00,US,,,North America,37.751000,-97.822000
192.111.138.29:4145,socks4,true,373.00,US,,,North America,37.751000,-97.822000
192.111.130.2:4145,socks4,true,369.00,US,,,North America,37.751000,-97.822000
198.8.94.170:4145,socks4,true,380.00,US,,,North America,37.751000,-97.822000
199.58.185.9:4145,socks4,true,377.00,US,,,North America,37.751000,-97.822000
98.188.47.132:4145,socks4,true,390.00,US,Kansas,,North America,38.982200,-94.671900
192.111.135.18:18301,socks4,true,374.00,US,Georgia,Atlanta,North America,33.938100,-84.463300
98.175.31.195:4145,socks4,true,389.00,US,Virginia,Norfolk,North America,36.842900,-76.286400
174.64.199.79:4145,socks4,true,392.00,US,Louisiana,,North America,29.981300,-90.166300
37.18.73.60:5566,socks4,true,395.00,RU,,,Europe,55.738600,37.606800
174.75.211.222:4145,socks4,true,393.00,US,,,North America,37.751000,-97.822000
192.111.137.34:18765,socks4,true,381.00,US,,,North America,37.751000,-97.822000
192.111.137.37:18762,socks4,true,381.00,US,,,North America,37.751000,-97.822000
192.252.215.5:16137,socks4,true,376.00,US,,,North America,37.751000,-97.822000
195.138.65.34:5678,socks4,true,320.00,UA,Odessa,Odesa,Europe,46.475200,30.733800
72.195.34.35:27360,socks4,true,395.00,US,,,North America,37.751000,-97.822000
199.58.184.97:4145,socks4,true,396.00,US,,,North America,37.751000,-97.822000
192.252.211.197:14921,socks4,true,373.00,US,,,North America,37.751000,-97.822000
64.226.85.75:1080,socks4,true,339.00,DE,Hesse,Frankfurt am Main,Europe,50.116900,8.683700
184.178.172.18:15280,socks4,true,399.00,US,Virginia,Roanoke,North America,37.268100,-79.940400
187.188.131.169:1080,socks4,true,398.00,MX,Mexico City,Iztapalapa,North America,19.326800,-99.043100
184.178.172.26:4145,socks4,true,400.00,US,Virginia,Roanoke,North America,37.268100,-79.940400
184.181.217.206:4145,socks4,true,401.00,US,,,North America,37.751000,-97.822000
70.166.167.38:57728,socks4,true,398.00,US,Arizona,Phoenix,North America,33.491700,-111.983700
68.1.210.189:4145,socks4,true,392.00,US,California,San Diego,North America,32.709700,-117.122800
104.37.135.145:4145,socks4,true,407.00,US,,,North America,37.751000,-97.822000
184.181.217.213:4145,socks4,true,403.00,US,,,North America,37.751000,-97.822000
67.201.33.10:25283,socks4,true,409.00,US,,,North America,37.751000,-97.822000
72.37.216.68:4145,socks4,true,408.00,US,,,North America,37.751000,-97.822000
24.249.199.4:4145,socks4,true,399.00,US,California,San Diego,North America,32.740500,-117.093500
68.1.210.163:4145,socks4,true,398.00,US,California,San Diego,North America,32.709700,-117.122800
98.178.72.21:10919,socks4,true,402.00,US,,,North America,37.751000,-97.822000
68.71.247.130:4145,socks4,true,414.00,US,,,North America,37.751000,-97.822000
70.166.167.55:57745,socks4,true,401.00,US,Arizona,Phoenix,North America,33.491700,-111.983700
184.178.172.17:4145,socks4,true,407.00,US,Virginia,Roanoke,North America,37.268100,-79.940400
174.77.111.197:4145,socks4,true,401.00,US,,,North America,37.751000,-97.822000
68.71.249.153:48606,socks4,true,411.00,US,,,North America,37.751000,-97.822000
184.178.172.11:4145,socks4,true,403.00,US,Virginia,Roanoke,North America,37.268100,-79.940400
98.181.137.80:4145,socks4,true,400.00,US,Nevada,North Las Vegas,North America,36.218000,-115.170900
45.61.188.134:44499,socks4,true,348.00,US,Florida,Miami,North America,25.783800,-80.182300
184.181.217.194:4145,socks4,true,403.00,US,,,North America,37.751000,-97.822000
192.252.216.81:4145,socks4,true,374.00,US,,,North America,37.751000,-97.822000
104.200.152.30:4145,socks4,true,416.00,US,California,Los Angeles,North America,34.048100,-118.253100
184.170.248.5:4145,socks4,true,369.00,US,,,North America,37.751000,-97.822000
184.178.172.13:15311,socks4,true,408.00,US,Virginia,Roanoke,North America,37.268100,-79.940400
174.64.199.82:4145,socks4,true,391.00,US,Louisiana,,North America,29.981300,-90.166300
192.252.208.67:14287,socks4,true,370.00,US,,,North America,37.751000,-97.822000
192.111.137.35:4145,socks4,true,367.00,US,,,North America,37.751000,-97.822000
184.178.172.23:4145,socks4,true,402.00,US,Virginia,Roanoke,North America,37.268100,-79.940400
107.181.168.145:4145,socks4,true,420.00,US,,,North America,37.751000,-97.822000
69.61.200.104:36181,socks4,true,431.00,US,Ohio,Cincinnati,North America,39.235100,-84.458200
184.181.217.201:4145,socks4,true,415.00,US,,,North America,37.751000,-97.822000
98.188.47.150:4145,socks4,true,392.00,US,Kansas,,North America,38.982200,-94.671900
192.252.208.70:14282,socks4,true,367.00,US,,,North America,37.751000,-97.822000
162.253.68.97:4145,socks4,true,427.00,US,,,North America,37.751000,-97.822000
142.54.228.193:4145,socks4,true,433.00,US,,,North America,37.751000,-97.822000
72.195.34.42:4145,socks4,true,393.00,US,,,North America,37.751000,-97.822000
184.178.172.14:4145,socks4,true,392.00,US,Virginia,Roanoke,North America,37.268100,-79.940400
107.181.161.81:4145,socks4,true,422.00,US,,,North America,37.751000,-97.822000
199.116.114.11:4145,socks4,true,440.00,US,,,North America,37.751000,-97.822000
174.77.111.196:4145,socks4,true,389.00,US,,,North America,37.751000,-97.822000
192.111.129.145:16894,socks4,true,380.00,US,,,North America,37.751000,-97.822000
184.178.172.25:15291,socks4,true,389.00,US,Virginia,Roanoke,North America,37.268100,-79.940400
174.77.111.198:49547,socks4,true,388.00,US,,,North America,37.751000,-97.822000
72.195.34.58:4145,socks4,true,390.00,US,,,North America,37.751000,-97.822000
72.195.34.59:4145,socks4,true,392.00,US,,,North America,37.751000,-97.822000
206.220.175.2:4145,socks4,true,443.00,US,,,North America,37.751000,-97.822000
192.252.209.155:14455,socks4,true,381.00,US,,,North America,37.751000,-97.822000
199.102.106.94:4145,socks4,true,443.00,US,,,North America,37.751000,-97.822000
72.195.34.41:4145,socks4,true,391.00,US,,,North America,37.751000,-97.822000
184.178.172.28:15294,socks4,true,392.00,US,Virginia,Roanoke,North America,37.268100,-79.940400
198.8.94.174:39078,socks4,true,381.00,US,,,North America,37.751000,-97.822000
98.170.57.231:4145,socks4,true,391.00,US,,,North America,37.751000,-97.822000
142.54.235.9:4145,socks4,true,448.00,US,,,North America,37.751000,-97.822000
98.181.137.83:4145,socks4,true,392.00,US,Nevada,North Las Vegas,North America,36.218000,-115.170900
184.178.172.3:4145,socks4,true,394.00,US,Virginia,Roanoke,North America,37.268100,-79.940400
72.195.34.60:27391,socks4,true,395.00,US,,,North America,37.751000,-97.822000
184.178.172.5:15303,socks4,true,394.00,US,Virginia,Roanoke,North America,37.268100,-79.940400
66.42.224.229:41679,socks4,true,450.00,US,Ohio,Cincinnati,North America,39.235100,-84.458200
142.54.229.249:4145,socks4,true,446.00,US,,,North America,37.751000,-97.822000
142.54.226.214:4145,socks4,true,449.00,US,,,North America,37.751000,-97.822000
192.252.214.20:15864,socks4,true,390.00,US,,,North America,37.751000,-97.822000
192.111.135.17:18302,socks4,true,399.00,US,Georgia,Atlanta,North America,33.938100,-84.463300
192.111.130.5:17002,socks4,true,392.00,US,,,North America,37.751000,-97.822000
192.252.220.92:17328,socks4,true,434.00,US,,,North America,37.751000,-97.822000
72.195.114.184:4145,socks4,true,407.00,US,,,North America,37.751000,-97.822000
24.249.199.12:4145,socks4,true,404.00,US,California,San Diego,North America,32.740500,-117.093500
142.54.239.1:4145,socks4,true,449.00,US,,,North America,37.751000,-97.822000
98.170.57.249:4145,socks4,true,411.00,US,,,North America,37.751000,-97.822000
184.170.245.148:4145,socks4,true,400.00,US,,,North America,37.751000,-97.822000
68.71.254.6:4145,socks4,true,409.00,US,,,North America,37.751000,-97.822000
184.181.217.220:4145,socks4,true,401.00,US,,,North America,37.751000,-97.822000
72.37.217.3:4145,socks4,true,417.00,US,,,North America,37.751000,-97.822000
72.195.114.169:4145,socks4,true,416.00,US,,,North America,37.751000,-97.822000
142.54.231.38:4145,socks4,true,432.00,US,,,North America,37.751000,-97.822000
199.102.104.70:4145,socks4,true,433.00,US,,,North America,37.751000,-97.822000
192.252.220.89:4145,socks4,true,431.00,US,,,North America,37.751000,-97.822000
107.152.98.5:4145,socks4,true,430.00,US,,,North America,37.751000,-97.822000
199.102.107.145:4145,socks4,true,442.00,US,,,North America,37.751000,-97.822000
104.200.135.46:4145,socks4,true,435.00,US,California,Los Angeles,North America,34.054400,-118.244000
142.54.232.6:4145,socks4,true,435.00,US,,,North America,37.751000,-97.822000
142.54.237.34:4145,socks4,true,437.00,US,,,North America,37.751000,-97.822000
67.201.59.70:4145,socks4,true,439.00,US,,,North America,37.751000,-97.822000
184.181.217.210:4145,socks4,true,435.00,US,,,North America,37.751000,-97.822000
142.54.236.97:4145,socks4,true,441.00,US,,,North America,37.751000,-97.822000
208.102.51.6:58208,socks4,true,453.00,US,Kentucky,Alexandria,North America,38.959500,-84.388000
59.153.47.43:4153,socks4,true,503.00,EC,Pichincha,Quito,South America,-0.230900,-78.521100
186.190.228.83:4153,socks4,true,497.00,CO,Guaviare Department,San José del Guaviare,South America,2.573200,-72.647900
72.49.49.11:31034,socks4,true,465.00,US,Ohio,Cincinnati,North America,39.109400,-84.571800
177.85.65.177:4153,socks4,true,530.00,BR,Bahia,Simões Filho,South America,-12.775200,-38.383000
177.136.124.46:56113,socks4,true,536.00,BR,Bahia,Salvador,South America,-12.866500,-38.485800
206.42.24.248:4153,socks4,true,495.00,BR,Pernambuco,Recife,South America,-8.000900,-34.868700
64.227.131.240:1080,socks4,true,584.00,IN,Karnataka,Bengaluru,Asia,12.975300,77.591000
103.86.135.34:5678,socks4,true,585.00,PK,,,Asia,30.000000,70.000000
187.94.84.130:4153,socks4,true,608.00,BR,Minas Gerais,Monte Verde,South America,-21.917600,-43.518500
200.111.158.234:5678,socks4,true,623.00,CL,Santiago Metropolitan,Santiago,South America,-33.452100,-70.653600
172.233.78.254:7890,socks4,true,573.00,JP,Osaka,Osaka,Asia,34.693000,135.500500
159.65.128.194:1080,socks4,true,656.00,SG,,Singapore,Asia,1.314000,103.683900
122.146.95.183:4145,socks4,true,656.00,TW,Taoyuan,Yangmei District,Asia,24.910200,121.148200
143.110.190.60:1080,socks4,true,667.00,IN,Karnataka,Bengaluru,Asia,12.975300,77.591000
46.160.90.81:5678,socks4,true,619.00,UA,Kharkivs’ka Oblast’,Kharkiv,Europe,49.982000,36.256600
105.209.147.168:5678,socks4,true,640.00,ZA,Western Cape,Cape Town,Africa,-33.914000,18.412900
203.170.146.146:4153,socks4,true,714.00,TH,,,Asia,13.744200,100.460800
118.91.175.146:5678,socks4,true,652.00,NP,,,Asia,28.000000,84.000000
183.88.247.52:4153,socks4,true,716.00,TH,Bangkok,Bangkok,Asia,13.715900,100.417000
103.167.156.102:1080,socks4,true,659.00,ID,Central Java,Pemalang,Asia,-6.947700,109.370700
190.13.147.93:5678,socks4,true,671.00,CL,Región de la Araucanía,Melipeuco,South America,-38.852300,-71.702600
103.96.106.230:1080,socks4,true,745.00,BD,Dhaka Division,Dhaka,Asia,23.753400,90.372200
202.40.181.220:31247,socks4,true,773.00,BD,Dhaka Division,Dhaka,Asia,23.746000,90.382000
14.63.49.131:4145,socks4,true,800.00,KR,Seoul,Gangnam-gu,Asia,37.490900,127.045200
134.199.159.23:1080,socks4,true,816.00,AU,New South Wales,Sydney,Oceania,-33.897800,151.189900
171.227.175.87:1080,socks4,true,753.00,VN,Ho Chi Minh,Ho Chi Minh City,Asia,10.822000,106.625700
171.250.217.248:1080,socks4,true,817.00,VN,Ho Chi Minh,Ho Chi Minh City,Asia,10.822000,106.625700
41.169.151.154:4153,socks4,true,804.00,ZA,Gauteng,Johannesburg,Africa,-26.230900,28.058300
27.77.229.117:1080,socks4,true,843.00,VN,Ho Chi Minh,Ho Chi Minh City,Asia,10.822000,106.625700
171.250.221.164:1080,socks4,true,908.00,VN,Ho Chi Minh,Ho Chi Minh City,Asia,10.822000,106.625700
185.132.1.221:4145,socks4,true,1267.00,UA,Odessa,Odesa,Europe,46.475200,30.733800
77.238.79.111:5678,socks4,true,1273.00,BG,Sofia-Capital,Sofia,Europe,42.682600,23.322300
35.180.23.174:3128,socks4,true,1321.00,FR,Île-de-France,Paris,Europe,48.855800,2.349400
38.180.82.210:8080,socks4,true,1373.00,US,Illinois,Chicago,North America,41.883500,-87.630500
184.170.249.65:4145,socks4,true,1387.00,US,,,North America,37.751000,-97.822000
181.48.193.42:2580,socks4,true,1442.00,CO,Antioquia,Medellín,South America,6.252900,-75.564600
51.75.126.150:12202,socks4,true,1408.00,FR,,,Europe,48.858200,2.338700
145.239.5.238:11483,socks4,true,1499.00,FR,,,Europe,48.858200,2.338700
131.161.68.41:35944,socks4,true,1597.00,BR,Rio de Janeiro,Rio de Janeiro,South America,-22.907200,-43.188300
111.68.127.170:4153,socks4,true,1644.00,ID,,,Asia,-6.175000,106.828600
202.69.38.42:5678,socks4,true,1594.00,PK,Punjab,Lahore,Asia,31.582600,74.327600
103.48.183.113:4145,socks4,true,1674.00,IN,Tamil Nadu,Kanchipuram,Asia,12.837800,79.697300
103.233.103.241:4153,socks4,true,1657.00,ID,,,Asia,-6.175000,106.828600
103.225.125.169:4153,socks4,true,1706.00,IN,Tamil Nadu,Tirupur,Asia,11.106700,77.354500
183.88.219.206:34676,socks4,true,1721.00,TH,Phuket,Phuket,Asia,7.950000,98.356400
78.157.48.221:1080,socks4,true,1807.00,IR,,,Asia,35.698000,51.411500
61.7.147.227:4145,socks4,true,1787.00,TH,Bangkok,Bangkok,Asia,13.710100,100.454300
103.184.180.226:4153,socks4,true,1851.00,ID,,,Asia,-6.175000,106.828600
180.180.124.248:49992,socks4,true,1876.00,TH,Rayong,Rayong,Asia,12.966200,101.217800
111.68.31.134:40385,socks4,true,1904.00,ID,Central Java,Karanganyar Wetankali,Asia,-6.841900,110.812000
163.172.163.128:16379,socks4,true,1955.00,FR,,,Europe,48.858200,2.338700
8.208.90.243:8081,socks4,true,2141.00,GB,England,London,Europe,51.508100,-0.127800
212.47.232.197:16379,socks4,true,2187.00,FR,,,Europe,48.858200,2.338700
195.78.100.162:3629,socks4,true,2322.00,UA,Kharkivs’ka Oblast’,Kharkiv,Europe,49.982000,36.256600
185.186.17.57:5678,socks4,true,2335.00,PL,Mazovia,Siedlce,Europe,52.170300,22.283400
185.99.33.154:1080,socks4,true,2350.00,LB,,,Asia,33.833300,35.833300
93.184.7.73:1080,socks4,true,2385.00,PS,,,Asia,31.921600,35.203300
192.158.15.201:50877,socks4,true,2329.00,CA,Ontario,Mississauga,North America,43.630700,-79.707200
193.200.151.69:32777,socks4,true,2354.00,UA,,,Europe,50.452200,30.528700
139.59.24.173:1080,socks4,true,2428.00,IN,Karnataka,Bengaluru,Asia,12.975300,77.591000
173.225.192.5:1080,socks4,true,2406.00,US,Michigan,Greenville,North America,43.177200,-85.247300
193.33.153.47:1080,socks4,true,2498.00,NL,North Holland,Amsterdam,Europe,52.375900,4.897500
184.185.2.12:4145,socks4,true,2497.00,US,Florida,Niceville,North America,30.515000,-86.484400
201.144.20.231:5678,socks4,true,2528.00,MX,Jalisco,Guadalajara,North America,20.680200,-103.340400
47.76.84.134:1000,socks4,true,2587.00,HK,,Hong Kong,Asia,22.284200,114.175900
103.69.20.111:10888,socks4,true,2654.00,IN,,,Asia,21.997400,79.001100
45.168.244.16:1080,socks4,true,2646.00,BR,Minas Gerais,São João Batista do Glória,South America,-20.531200,-46.445800
177.104.87.23:5678,socks4,true,2657.00,BR,Minas Gerais,Juiz de Fora,South America,-21.749000,-43.438200
119.93.122.233:4145,socks4,true,2718.00,PH,Central Luzon,Guagua,Asia,14.964600,120.635300
27.147.137.90:2005,socks4,true,2729.00,BD,Dhaka Division,Dhaka,Asia,23.727800,90.413500
45.125.222.125:47239,socks4,true,2790.00,BD,Dhaka Division,Dhaka,Asia,23.789100,90.412600
209.97.169.41:13108,socks4,true,2842.00,SG,,Singapore,Asia,1.314000,103.683900
103.112.55.166:1088,socks4,true,2809.00,BD,Dhaka Division,Dhaka,Asia,23.753400,90.372200
103.69.20.57:10888,socks4,true,2833.00,IN,,,Asia,21.997400,79.001100
47.121.182.36:3128,socks4,true,3052.00,CN,Guangdong,Shenzhen,Asia,22.545500,114.068300
39.104.27.89:8080,socks4,true,3047.00,CN,Beijing,Beijing,Asia,39.911000,116.395000
47.119.22.92:8443,socks4,true,3057.00,CN,Guangdong,Shenzhen,Asia,22.545500,114.068300
159.100.20.206:27866,socks4,true,3099.00,DE,,,Europe,51.299300,9.491000
47.121.129.129:9080,socks4,true,3109.00,CN,Guangdong,Shenzhen,Asia,22.545500,114.068300
47.122.61.139:8090,socks4,true,3119.00,CN,Fujian,Fuzhou,Asia,26.061400,119.306100
46.36.65.117:1080,socks4,true,3304.00,LT,Telsiai,Mažeikiai,Europe,56.317600,22.346300
31.172.133.253:4153,socks4,true,3308.00,RU,,,Europe,55.738600,37.606800
83.234.147.166:6363,socks4,true,3328.00,RU,Arkhangelskaya,Nyandoma,Europe,61.667700,40.200400
213.165.185.211:4153,socks4,true,3368.00,MT,Birkirkara,Birkirkara,Europe,35.891700,14.465500
24.37.245.42:51056,socks4,true,3367.00,CA,Quebec,Montreal,North America,45.490400,-73.632600
77.46.138.33:33608,socks4,true,3334.00,RS,Belgrade,Belgrade,Europe,44.804600,20.463700
47.122.57.58:9080,socks4,true,3347.00,CN,Fujian,Fuzhou,Asia,26.061400,119.306100
97.83.40.67:5678,socks4,true,3450.00,US,Michigan,Traverse City,North America,44.815500,-85.580300
109.224.12.170:52015,socks4,true,3440.00,IQ,Baghdad,Baghdad,Asia,33.336400,44.400400
47.252.18.37:8081,socks4,true,3540.00,US,Virginia,,North America,38.687900,-77.297800
81.228.44.187:65530,socks4,true,3646.00,SE,Stockholm County,Stockholm,Europe,59.267400,17.884300
196.29.231.1:4145,socks4,true,3673.00,GH,,,Africa,8.100000,-1.200000
200.71.123.77:60606,socks4,true,3645.00,BR,Rio Grande do Sul,Constantina,South America,-27.702400,-53.002900
103.127.23.10:5678,socks4,true,3665.00,IN,Maharashtra,Kalyān,Asia,19.246300,73.131500
104.244.74.206:38118,socks4,true,3680.00,LU,Luxembourg,Luxembourg,Europe,49.611300,6.129400
47.92.219.102:8085,socks4,true,3726.00,CN,Beijing,Beijing,Asia,39.911000,116.395000
103.166.32.130:11080,socks4,true,3779.00,ID,,,Asia,-6.175000,106.828600
116.118.98.26:5678,socks4,true,3815.00,VN,Ho Chi Minh,Ho Chi Minh City,Asia,10.822000,106.625700
201.220.140.6:30575,socks4,true,3848.00,HN,Francisco Morazán Department,Tegucigalpa,North America,14.082800,-87.204100
69.49.234.59:55781,socks4,true,3893.00,US,,,North America,37.751000,-97.822000
212.47.243.66:16379,socks4,true,3940.00,FR,,,Europe,48.858200,2.338700
118.174.233.113:4153,socks4,true,3877.00,TH,Bangkok,Bangkok,Asia,13.710100,100.454300
202.97.173.152:5678,socks4,true,4139.00,CN,,,Asia,34.773200,113.722000
45.128.133.141:1080,socks4,true,4261.00,BE,Brussels Capital,Brussels,Europe,50.872900,4.403800
106.14.104.220:5060,socks4,true,4272.00,CN,Shanghai,Shanghai,Asia,31.222200,121.458100
78.133.163.190:4145,socks4,true,4334.00,PL,West Pomerania,Szczecin,Europe,53.479300,14.526900
93.157.193.139:5678,socks4,true,4371.00,BA,Federation of Bosnia and Herzegovina,Gradačac,Europe,44.881300,18.438200
84.236.185.247:61710,socks4,true,4369.00,ES,Castille-La Mancha,Mota del Cuervo,Europe,39.506900,-2.861700
190.144.224.182:44550,socks4,true,4485.00,CO,Bogota D.C.,Bogotá,South America,4.611500,-74.083300
190.205.99.186:5678,socks4,true,4602.00,VE,Distrito Federal,Caracas,South America,10.487300,-66.873800
14.97.132.226:5678,socks4,true,4684.00,IN,Haryana,Gurugram,Asia,28.459700,77.028200
103.37.82.134:39873,socks4,true,4713.00,IN,,,Asia,21.997400,79.001100
190.104.8.142:14888,socks4,true,4726.00,BO,Santa Cruz Department,Santa Cruz,South America,-17.783400,-63.182200
170.238.239.71:60606,socks4,true,4679.00,CO,Valle del Cauca Department,Buenaventura,South America,3.583300,-77.000000
83.143.24.29:5678,socks4,true,4738.00,BW,,,Africa,-22.000000,24.000000
103.182.240.75:1080,socks4,true,4734.00,ID,,,Asia,-6.175000,106.828600
122.252.179.66:5678,socks4,true,4757.00,KH,,,Asia,13.000000,105.000000
103.121.195.12:61221,socks4,true,4792.00,BD,,,Asia,23.701800,90.374200
202.40.179.18:4145,socks4,true,4863.00,BD,Dhaka Division,Dhaka,Asia,23.746000,90.382000
36.94.110.49:5678,socks4,true,4832.00,ID,Jakarta,Jakarta,Asia,-6.211400,106.844600
47.122.56.158:9098,socks4,true,4897.00,CN,Fujian,Fuzhou,Asia,26.061400,119.306100
161.49.100.131:1080,socks4,true,4856.00,PH,Metro Manila,Pasig,Asia,14.568800,121.082700
103.254.57.227:48293,socks4,true,4908.00,IN,,,Asia,21.997400,79.001100
80.90.188.187:24530,socks4,true,5079.00,RU,St.-Petersburg,St Petersburg,Europe,59.941700,30.309600
213.197.136.218:5678,socks4,true,5313.00,LT,Vilnius,Vilnius,Europe,54.687600,25.280600
31.42.6.125:5678,socks4,true,5329.00,PL,Silesia,Częstochowa,Europe,50.798800,19.128800
85.237.51.73:4145,socks4,true,5382.00,RU,Penza Oblast,Novoznamenskiy,Europe,53.284400,42.901100
176.235.182.90:1080,socks4,true,5424.00,TR,Gaziantep,Gaziantep,Asia,37.064600,37.375600
82.223.165.28:4733,socks4,true,5477.00,ES,,,Europe,40.417200,-3.684000
51.158.65.148:16379,socks4,true,5620.00,FR,Île-de-France,Paris,Europe,48.855800,2.349400
34.166.117.165:1080,socks4,true,5710.00,SA,Eastern Province,Dammam,Asia,26.433600,50.111600
45.249.78.177:5678,socks4,true,5696.00,IN,Andhra Pradesh,Vijayawada,Asia,16.503300,80.646500
45.117.228.97:4145,socks4,true,5733.00,MY,,,Asia,2.500000,112.500000
34.124.190.108:8080,socks4,true,5770.00,SG,,Singapore,Asia,1.287200,103.850700
200.105.192.6:5678,socks4,true,5728.00,BO,La Paz Department,La Paz,South America,-16.500200,-68.149300
45.172.202.84:1080,socks4,true,5735.00,BR,São Paulo,Mogi das Cruzes,South America,-23.567700,-46.183300
103.30.0.5:4145,socks4,true,5744.00,ID,,,Asia,-6.175000,106.828600
125.228.143.207:4145,socks4,true,5825.00,TW,New Taipei City,New Taipei City,Asia,25.069300,121.462600
36.93.197.180:5678,socks4,true,5825.00,ID,Jakarta,Jakarta,Asia,-6.211400,106.844600
95.188.83.216:1080,socks4,true,5789.00,RU,Buryatiya Republic,Ulan-Ude,Europe,51.828600,107.618900
114.4.200.222:5678,socks4,true,5791.00,ID,Jakarta,Jakarta,Asia,-6.211400,106.844600
62.201.212.198:4673,socks4,true,5845.00,IQ,,,Asia,33.000000,44.000000
82.137.250.156:4145,socks4,true,5903.00,SY,,,Asia,35.000000,38.000000
118.172.47.97:51327,socks4,true,5942.00,TH,,,Asia,13.744200,100.460800
163.172.164.115:16379,socks4,true,6203.00,FR,,,Europe,48.858200,2.338700
183.89.250.246:1080,socks4,true,6800.00,TH,Bangkok,Bangkok,Asia,13.859000,100.477200
47.122.56.158:8080,socks4,true,6934.00,CN,Fujian,Fuzhou,Asia,26.061400,119.306100
91.223.52.141:5678,socks4,true,7346.00,PL,,,Europe,52.239400,21.036200
212.47.251.132:16379,socks4,true,7320.00,FR,,,Europe,48.858200,2.338700
212.39.114.139:5678,socks4,true,7397.00,BA,Federation of Bosnia and Herzegovina,Mostar,Europe,43.342600,17.811000
176.112.96.2:3629,socks4,true,7403.00,RU,Nizhny Novgorod Oblast,Berëzovka,Europe,55.710700,42.611700
64.64.152.248:39593,socks4,true,7490.00,US,Nebraska,Enders,North America,40.455300,-101.533800
91.199.139.246:1111,socks4,true,7486.00,UA,,,Europe,50.452200,30.528700
89.46.249.253:9876,socks4,true,7510.00,GB,England,London,Europe,51.516400,-0.093000
51.158.125.47:16379,socks4,true,7491.00,FR,Île-de-France,Paris,Europe,48.855800,2.349400
94.181.33.149:40840,socks4,true,7493.00,RU,Chelyabinsk Oblast,Chelyabinsk,Europe,55.155300,61.431300
217.219.162.114:5678,socks4,true,7663.00,IR,,,Asia,35.698000,51.411500
190.57.131.158:1080,socks4,true,7700.00,EC,Guayas,Guayaquil,South America,-2.203800,-79.881900
23.157.88.25:1080,socks4,true,7653.00,DE,Hesse,Frankfurt am Main,Europe,50.104900,8.629500
45.116.114.37:5678,socks4,true,7839.00,IN,,,Asia,21.997400,79.001100
190.246.55.235:5678,socks4,true,7851.00,AR,Cordoba,Córdoba,South America,-31.405700,-64.184900
119.148.23.210:9990,socks4,true,7871.00,BD,Dhaka Division,Dhaka,Asia,23.757100,90.404000
43.229.85.48:49665,socks4,true,7922.00,SG,,,Asia,1.366700,103.800000
202.84.76.190:5678,socks4,true,7963.00,KH,Phnom Penh,Phnom Penh,Asia,11.558300,104.912100
202.154.18.1:4996,socks4,true,8015.00,ID,,,Asia,-6.175000,106.828600
109.135.16.145:49879,socks4,true,9258.00,BE,Brussels Capital,Anderlecht,Europe,50.835100,4.317900
82.130.202.219:43429,socks4,true,11439.00,ES,Basque Country,Donostia / San Sebastian,Europe,43.312600,-1.974500
213.222.34.200:4145,socks4,true,11473.00,BG,,,Europe,42.696000,23.332000
50.96.204.6:18351,socks4,true,11475.00,US,Iowa,Nashua,North America,42.952800,-92.529800
51.75.126.150:59091,socks4,true,11456.00,FR,,,Europe,48.858200,2.338700
46.32.163.65:4153,socks4,true,11554.00,AZ,Baku City,Baku,Asia,40.377100,49.887500
108.175.24.1:13135,socks4,true,11531.00,US,Texas,Anahuac,North America,29.773000,-94.682700
154.113.172.58:5678,socks4,true,11698.00,NG,Lagos,Lagos,Africa,6.447400,3.390300
143.137.116.72:1080,socks4,true,11756.00,BR,São Paulo,Taboão da Serra,South America,-23.623500,-46.790800
182.16.171.65:51459,socks4,true,11847.00,ID,Jakarta,Jakarta,Asia,-6.211400,106.844600
103.143.214.77:5678,socks4,true,11840.00,IN,,,Asia,21.997400,79.001100
103.17.90.6:5678,socks4,true,11867.00,VN,,,Asia,16.166700,107.833300
36.95.189.165:5678,socks4,true,11892.00,ID,Jakarta,Jakarta,Asia,-6.211400,106.844600
125.27.10.84:4153,socks4,true,11909.00,TH,Rayong,Rayong,Asia,12.717600,101.067300
114.108.177.104:60984,socks4,true,12036.00,KR,,,Asia,37.511200,126.974100
212.47.232.249:16379,socks4,true,12004.00,FR,,,Europe,48.858200,2.338700
103.191.165.113:2000,socks4,true,12029.00,ID,West Java,Subang,Asia,-7.131000,108.526700
202.137.141.26:5678,socks4,true,12105.00,LA,,,Asia,18.000000,105.000000
163.172.185.252:16379,socks4,true,13009.00,FR,,,Europe,48.858200,2.338700
51.158.70.223:16379,socks4,true,13348.00,FR,Île-de-France,Paris,Europe,48.855800,2.349400
47.116.210.163:5060,socks4,true,14262.00,CN,Shanghai,Shanghai,Asia,31.222200,121.458100
8.221.139.222:8108,socks4,true,15152.00,JP,Tokyo,Tokyo,Asia,35.689300,139.689900
47.122.65.254:8081,socks4,true,15410.00,CN,Jiangsu,Nanjing,Asia,32.058900,118.773800
51.15.210.52:16379,socks4,true,16265.00,FR,,,Europe,48.858200,2.338700
8.221.139.222:443,socks4,true,16372.00,JP,Tokyo,Tokyo,Asia,35.689300,139.689900
68.191.23.134:9200,socks4,true,18653.00,US,North Carolina,Hickory,North America,35.686500,-81.366400
81.12.157.98:5678,socks4,true,19621.00,RO,Brașov County,Ghimbav,Europe,45.665300,25.510600
64.139.79.35:54321,socks4,true,19685.00,US,Alabama,Florence,North America,34.880300,-87.742400
165.140.185.10:39593,socks4,true,19753.00,US,Colorado,Golden,North America,39.823200,-105.282500
200.29.109.112:14888,socks4,true,19893.00,CO,Valle del Cauca Department,Santiago de Cali,South America,3.430100,-76.512100
14.241.182.44:5678,socks4,true,20038.00,VN,Can Tho,Quận Ninh Kiều,Asia,10.032300,105.763900
103.152.106.2:1080,socks4,true,20137.00,BD,,,Asia,23.701800,90.374200
138.68.21.132:40467,socks4,true,20379.00,US,California,Santa Clara,North America,37.348600,-121.973200
51.158.105.157:16379,socks4,true,22723.00,FR,Île-de-France,Paris,Europe,48.855800,2.349400
